Accuracy,Sensitivity,Precision,Recall,ROC AUC,F1 Score
0.5580732247398914,0.824809230850474,0.581269421856683,0.824809230850474,0.5114388622446662,0.6819481738598904
