Accuracy,Sensitivity,Precision,Recall,ROC AUC,F1 Score
0.313644557067844,0.9728810525373669,0.2950597176981542,0.9728810525373669,0.5073952964302713,0.452794034948868
