Accuracy,Sensitivity,Precision,Recall,ROC AUC,F1 Score
0.7218390804597701,0.06864330637915543,0.7304015296367112,0.06864330637915543,0.5291282830238319,0.12549277266754272
