Accuracy,Sensitivity,Precision,Recall,ROC AUC,F1 Score
0.6871473354231975,0.05929919137466307,0.3047091412742382,0.05929919137466307,0.5019147890574973,0.09927797833935018
