Accuracy,Sensitivity,Precision,Recall,ROC AUC,F1 Score
0.2918832780375663,1.0,0.2918832780375663,1.0,0.5,0.4518725228504408
