Accuracy,Sensitivity,Precision,Recall,ROC AUC,F1 Score
0.4271804166319094,0.021655799249160244,0.5651426607081471,0.021655799249160244,0.49952356733976455,0.04171318380188775
